<?xml version="1.0"?>
<?xml-stylesheet type="text/xsl" href="configuration.xsl"?>
<configuration>
  <property><name>javax.jdo.option.ConnectionURL</name><value>jdbc:mysql://hive-metastore.c3fdiq8snpad.us-west-2.rds.amazonaws.com:3306/metastore</value></property>
  <property><name>javax.jdo.option.ConnectionDriverName</name><value>com.mysql.jdbc.Driver</value></property>
  <property><name>javax.jdo.option.ConnectionUserName</name><value>hive</value></property>
  <property><name>javax.jdo.option.ConnectionPassword</name><value>hive</value></property>
  <property><name>datanucleus.autoCreateSchema</name><value>false</value></property>
  <property><name>datanucleus.fixedDatastore</name><value>true</value></property>
  <property><name>datanucleus.autoStartMechanism</name><value>SchemaTable</value></property>
  <property><name>hive.warehouse.subdir.inherit.perms</name><value>true</value></property>
  <property><name>hive.stats.ndv.error</name><value>5.0</value></property>
  <property><name>hive.stats.dbclass</name><value>jdbc:mysql</value></property>
  <property><name>hive.stats.jdbcdriver</name><value>com.mysql.jdbc.Driver</value></property>
  <property><name>hive.metastore.uris</name><value>thrift://localhost:9083</value></property>
  <property><name>hive.metastore.client.socket.timeout</name><value>3600</value></property>
  <property><name>hive.metastore.execute.setugi</name><value>true</value></property>
  <property><name>hive.stats.dbconnectionstring</name><value>jdbc:mysql://hive-metastore.c3fdiq8snpad.us-west-2.rds.amazonaws.com:3306/metastore?useUnicode=true&amp;characterEncoding=UTF-8&amp;user=hive&amp;password=hive</value></property>
  <property><name>hive.stats.autogather</name><value>true</value></property>
  <property><name>hive.default.rcfile.serde</name><value>org.apache.hadoop.hive.serde2.columnar.ColumnarSerDe</value></property>
</configuration>
