<?xml version="1.0"?>
<?xml-stylesheet type="text/xsl" href="configuration.xsl"?>
<configuration>

    <property><name>fs.s3a.buffer.dir</name><value>/var/lib/hadoop/s3</value></property>
  <property><name>fs.s3a.impl</name><value>org.apache.hadoop.fs.s3a.S3AFileSystem</value></property>

  <property><name>fs.s3.impl</name><value>org.apache.hadoop.fs.s3a.S3AFileSystem</value></property>
    <property><name>fs.s3.buffer.dir</name><value>/var/lib/hadoop/s3</value></property>
  <property><name>fs.s3n.impl</name><value>org.apache.hadoop.fs.s3a.S3AFileSystem</value></property>
    <property><name>fs.s3n.buffer.dir</name><value>/var/lib/hadoop/s3</value></property>
    
    
  <property><name>fs.default.name</name><value>hdfs://ip-172-18-198-177:9000</value></property>
  <property><name>hadoop.tmp.dir</name><value>/var/lib/hadoop/tmp</value></property>
 <property><name>io.compression.codecs</name><value>org.apache.hadoop.io.compress.GzipCodec,org.apache.hadoop.io.compress.DefaultCodec,com.hadoop.compression.lzo.LzoCodec,com.hadoop.compression.lzo.LzopCodec,org.apache.hadoop.io.compress.BZip2Codec,org.apache.hadoop.io.compress.SnappyCodec</value></property>
  <property><name>fs.s3.buckets.create.region</name><value>us-west-2</value></property>
  <property><name>fs.s3bfs.impl</name><value>org.apache.hadoop.fs.s3.S3FileSystem</value></property>
  <property><name>hadoop.metrics.defaultFile</name><value>/home/hadoop/conf/hadoopDefaultMetricsList</value></property>  <property><name>hadoop.metrics.list</name><value>TotalLoad,CapacityTotalGB,UnderReplicatedBlocks,CapacityRemainingGB,PendingDeletionBlocks,PendingReplicationBlocks,CorruptBlocks,CapacityUsedGB,numLiveDataNodes,numDeadDataNodes,MissingBlocks</value></property>
  <property><name>io.compression.codec.lzo.class</name><value>com.hadoop.compression.lzo.LzoCodec</value></property>
  <property><name>mapreduce.task.classpath.user.precedence</name><value>true</value></property>
</configuration>