<?xml version="1.0"?>
<?xml-stylesheet type="text/xsl" href="configuration.xsl"?>
<configuration>
<property><name>dfs.replication</name><value>3</value></property>
<property><name>dfs.permissions</name><value>false</value></property>
<property><name>dfs.datanode.max.xcievers</name><value>4096</value></property>
<property><name>dfs.datanode.https.address</name><value>0.0.0.0:9402</value></property>
<property><name>dfs.datanode.du.reserved</name><value>536870912</value></property>
<property><name>dfs.namenode.handler.count</name><value>64</value></property>
<property><name>io.file.buffer.size</name><value>65536</value></property>
<property><name>dfs.block.size</name><value>134217728</value></property>
<property><name>dfs.data.dir</name><value>/var/lib/hadoop/dfs</value></property>
<property><name>dfs.secondary.http.address</name><value>0.0.0.0:9104</value></property>
<property><name>dfs.https.address</name><value>0.0.0.0:9202</value></property>
<property><name>dfs.http.address</name><value>0.0.0.0:9101</value></property>
<property><name>dfs.datanode.http.address</name><value>0.0.0.0:9102</value></property>
<property><name>dfs.datanode.address</name><value>0.0.0.0:9200</value></property>
<property><name>dfs.name.dir</name><value>/mnt0/var/lib/hadoop/dfs-name</value></property>
<property><name>dfs.datanode.ipc.address</name><value>0.0.0.0:9201</value></property>
<property><name>dfs.support.append</name><value>true</value></property>
<property><name>dfs.webhdfs.enabled</name><value>true</value></property>
<property><name>dfs.datanode.balancer.bandwidthPerSec</name><value>104857600</value></property>
<property><name>dfs.client.read.shortcircuit</name><value>true</value></property>
<property><name>dfs.domain.socket.path</name><value>/sockets/dn_socket</value></property>
<property><name>dfs.balance.bandwidthPerSec</name><value>50000000</value></property>
<property><name>dfs.datanode.sync.behind.writes</name><value>true</value></property>
<property><name>dfs.datanode.synconclose</name><value>true</value></property>
</configuration>
