<?xml version="1.0"?>
<?xml-stylesheet type="text/xsl" href="configuration.xsl"?>
<configuration>
  <property><name>mapreduce.task.io.sort.mb</name><value>150</value></property>
  <property><name>mapreduce.reduce.cpu.vcores</name><value>2</value></property>
  <property><name>mapreduce.task.io.sort.factor</name><value>48</value></property>
  <property><name>mapreduce.job.userlog.retain.hours</name><value>48</value></property>
  <property><name>mapreduce.framework.name</name><value>yarn</value></property>
  <property><name>mapreduce.reduce.shuffle.parallelcopies</name><value>20</value></property>
  <property><name>hadoop.job.history.user.location</name><value>none</value></property>
  <property><name>mapreduce.reduce.speculative</name><value>true</value></property>
  <property><name>mapreduce.map.cpu.vcores</name><value>1</value></property>
  <property><name>mapreduce.map.speculative</name><value>true</value></property>
  <property><name>mapreduce.job.maps</name><value>15</value></property>
  <property><name>mapreduce.map.output.compress</name><value>true</value></property>
  <property><name>mapred.local.dir</name><value>/var/lib/hadoop/mapred</value></property>
  <property><name>mapreduce.job.reduces</name><value>5</value></property>
  <property><name>yarn.app.mapreduce.am.job.task.listener.thread-count</name><value>60</value></property>
  <property><name>mapreduce.job.jvm.numtasks</name><value>20</value></property>
  <property><name>mapred.task.timeout</name><value>1800000</value></property>

  <property><name>mapreduce.reduce.memory.mb</name><value>512</value></property>
  <property><name>mapreduce.map.memory.mb</name><value>512</value></property>
  <property><name>mapreduce.reduce.java.opts</name><value>-Xmx400m</value></property>
  <property><name>mapreduce.map.java.opts</name><value>-Xmx400m</value></property>
  <property><name>yarn.app.mapreduce.am.resource.mb</name><value>700</value></property>
  <property><name>yarn.app.mapreduce.am.command-opts</name><value>-Xmx512m</value></property> 
  <property><name>mapreduce.map.output.compress.codec</name><value>org.apache.hadoop.io.compress.SnappyCodec</value></property>
</configuration>
