<?xml version="1.0"?>
<configuration>
  <property><name>yarn.nodemanager.container-executor.class</name><value>org.apache.hadoop.yarn.server.nodemanager.DefaultContainerExecutor</value></property>
  <property><name>yarn.resourcemanager.scheduler.client.thread-count</name><value>64</value></property>
  <property><name>yarn.nodemanager.webapp.address</name><value>0.0.0.0:9035</value></property>
  <property><name>yarn.nodemanager.container-manager.thread-count</name><value>64</value></property>
  <property><name>yarn.resourcemanager.webapp.address</name><value>0.0.0.0:9026</value></property>
  <property><name>yarn.nodemanager.vmem-pmem-ratio</name><value>5</value></property>
  <property><name>yarn.nodemanager.resource.memory-mb</name><value>6038</value></property>
  <property><name>yarn.nodemanager.resource.cpu-vcores</name><value>8</value></property>
  <property><name>yarn.nodemanager.localizer.client.thread-count</name><value>20</value></property>
  <property><name>yarn.web-proxy.address</name><value>ip-172-18-198-177:9046</value></property>
  <property><name>yarn.nodemanager.aux-services</name><value>mapreduce_shuffle</value></property>
  <property><name>yarn.resourcemanager.scheduler.class</name><value>org.apache.hadoop.yarn.server.resourcemanager.scheduler.capacity.CapacityScheduler</value></property>
  <property><name>yarn.resourcemanager.admin.address</name><value>ip-172-18-198-177:9025</value></property>
  <property><name>yarn.resourcemanager.resource-tracker.address</name><value>ip-172-18-198-177:9023</value></property>
  <property><name>yarn.resourcemanager.scheduler.address</name><value>ip-172-18-198-177:9024</value></property>
  <property><name>yarn.nodemanager.localizer.fetch.thread-count</name><value>20</value></property>
  <property><name>yarn.resourcemanager.address</name><value>ip-172-18-198-177:9022</value></property>
  <property><name>yarn.nodemanager.aux-services.mapreduce.shuffle.class</name><value>org.apache.hadoop.mapred.ShuffleHandler</value></property>
  <property><name>yarn.scheduler.minimum-allocation-mb</name><value>1</value></property>
  <property><name>yarn.nodemanager.localizer.address</name><value>0.0.0.0:9033</value></property>
  <property><name>yarn.nodemanager.address</name><value>0.0.0.0:9103</value></property>
  <property><name>yarn.scheduler.maximum-allocation-mb</name><value>8192</value></property>
  <property><name>yarn.resourcemanager.resource-tracker.client.thread-count</name><value>64</value></property>
  <property><name>yarn.resourcemanager.client.thread-count</name><value>64</value></property>
  <property><name>yarn.log-aggregation-enable</name><value>true</value></property>
  <property><name>yarn.nodemanager.remote-app-log-dir</name><value>hdfs://ip-172-18-198-177:9000/yarnlogs/</value></property>
  <property><name>yarn.log-aggregation.retain-seconds</name><value>-1</value></property>
  <property><name>yarn.log.server.url</name><value>ip-172-18-198-177</value></property>
</configuration>
